{
    "type": "minecraft:crafting_shaped",
    "pattern": [
        " # ",
        "iHD",
        "iS "
    ],
    "key": {
        "#": {
            "item": "minecraft:comparator"
        },
        "i": {
            "item": "minecraft:iron_ingot"
        },
        "H": {
            "item": "minecraft:hopper"
        },
        "D": {
            "item": "minecraft:dispenser"
        },
        "S": {
            "item": "minecraft:stone_button"
        }
    },
    "result": {
        "item": "minecraft:knowledge_book",
        "count": 1
    }
}