{
	"credit": "Made with Blockbench",
	"texture_size": [32, 32],
	"textures": {
		"3": "item/shot_gun/bullet"
	},
	"elements": [
		{
			"from": [2, 8, 6.5],
			"to": [14, 10, 8.5],
			"faces": {
				"north": {"uv": [5, 2, 11, 3], "texture": "#3"},
				"east": {"uv": [0, 10, 1, 11], "texture": "#3"},
				"south": {"uv": [5, 3, 11, 4], "texture": "#3"},
				"west": {"uv": [10, 0, 11, 1], "texture": "#3"},
				"up": {"uv": [11, 5, 5, 4], "texture": "#3"},
				"down": {"uv": [11, 5, 5, 6], "texture": "#3"}
			}
		},
		{
			"from": [3, 8, 5.5],
			"to": [4, 10, 6.5],
			"faces": {
				"north": {"uv": [8.5, 10, 9, 11], "texture": "#3"},
				"east": {"uv": [9, 10, 9.5, 11], "texture": "#3"},
				"south": {"uv": [10, 9, 10.5, 10], "texture": "#3"},
				"west": {"uv": [9.5, 10, 10, 11], "texture": "#3"},
				"up": {"uv": [11.5, 4.5, 11, 4], "texture": "#3"},
				"down": {"uv": [11.5, 4.5, 11, 5], "texture": "#3"}
			}
		},
		{
			"from": [3, 8, 8.5],
			"to": [4, 10, 9.5],
			"faces": {
				"north": {"uv": [10, 10, 10.5, 11], "texture": "#3"},
				"east": {"uv": [10.5, 7, 11, 8], "texture": "#3"},
				"south": {"uv": [10.5, 8, 11, 9], "texture": "#3"},
				"west": {"uv": [10.5, 9, 11, 10], "texture": "#3"},
				"up": {"uv": [11.5, 5.5, 11, 5], "texture": "#3"},
				"down": {"uv": [11.5, 5.5, 11, 6], "texture": "#3"}
			}
		},
		{
			"from": [2, 10, 6.5],
			"to": [4, 11, 8.5],
			"faces": {
				"north": {"uv": [10.5, 10, 11.5, 10.5], "texture": "#3"},
				"east": {"uv": [10.5, 10.5, 11.5, 11], "texture": "#3"},
				"south": {"uv": [0, 11, 1, 11.5], "texture": "#3"},
				"west": {"uv": [11, 0, 12, 0.5], "texture": "#3"},
				"up": {"uv": [2, 11, 1, 10], "texture": "#3"},
				"down": {"uv": [11, 1, 10, 2], "texture": "#3"}
			}
		},
		{
			"from": [2, 7, 8.5],
			"to": [3, 11, 9.5],
			"faces": {
				"north": {"uv": [2, 10, 2.5, 12], "texture": "#3"},
				"east": {"uv": [2.5, 10, 3, 12], "texture": "#3"},
				"south": {"uv": [3, 10, 3.5, 12], "texture": "#3"},
				"west": {"uv": [3.5, 10, 4, 12], "texture": "#3"},
				"up": {"uv": [6.5, 11.5, 6, 11], "texture": "#3"},
				"down": {"uv": [11.5, 6, 11, 6.5], "texture": "#3"}
			}
		},
		{
			"from": [2, 7, 5.5],
			"to": [3, 11, 6.5],
			"faces": {
				"north": {"uv": [4, 10, 4.5, 12], "texture": "#3"},
				"east": {"uv": [4.5, 10, 5, 12], "texture": "#3"},
				"south": {"uv": [5, 10, 5.5, 12], "texture": "#3"},
				"west": {"uv": [5.5, 10, 6, 12], "texture": "#3"},
				"up": {"uv": [7, 11.5, 6.5, 11], "texture": "#3"},
				"down": {"uv": [11.5, 6.5, 11, 7], "texture": "#3"}
			}
		},
		{
			"from": [2, 7, 6.5],
			"to": [4, 8, 8.5],
			"faces": {
				"north": {"uv": [11, 0.5, 12, 1], "texture": "#3"},
				"east": {"uv": [1, 11, 2, 11.5], "texture": "#3"},
				"south": {"uv": [11, 1, 12, 1.5], "texture": "#3"},
				"west": {"uv": [11, 1.5, 12, 2], "texture": "#3"},
				"up": {"uv": [7, 11, 6, 10], "texture": "#3"},
				"down": {"uv": [11, 6, 10, 7], "texture": "#3"}
			}
		},
		{
			"from": [4, 7, 8.5],
			"to": [14, 11, 9.5],
			"faces": {
				"north": {"uv": [0, 0, 5, 2], "texture": "#3"},
				"east": {"uv": [7, 10, 7.5, 12], "texture": "#3"},
				"south": {"uv": [0, 2, 5, 4], "texture": "#3"},
				"west": {"uv": [10, 7, 10.5, 9], "texture": "#3"},
				"up": {"uv": [5, 8.5, 0, 8], "texture": "#3"},
				"down": {"uv": [10, 8, 5, 8.5], "texture": "#3"}
			}
		},
		{
			"from": [4, 7, 5.5],
			"to": [14, 11, 6.5],
			"faces": {
				"north": {"uv": [0, 4, 5, 6], "texture": "#3"},
				"east": {"uv": [7.5, 10, 8, 12], "texture": "#3"},
				"south": {"uv": [5, 0, 10, 2], "texture": "#3"},
				"west": {"uv": [8, 10, 8.5, 12], "texture": "#3"},
				"up": {"uv": [5, 9, 0, 8.5], "texture": "#3"},
				"down": {"uv": [10, 8.5, 5, 9], "texture": "#3"}
			}
		},
		{
			"from": [4, 10, 6.5],
			"to": [14, 11, 8.5],
			"faces": {
				"north": {"uv": [0, 9, 5, 9.5], "texture": "#3"},
				"east": {"uv": [11, 2, 12, 2.5], "texture": "#3"},
				"south": {"uv": [5, 9, 10, 9.5], "texture": "#3"},
				"west": {"uv": [11, 2.5, 12, 3], "texture": "#3"},
				"up": {"uv": [5, 7, 0, 6], "texture": "#3"},
				"down": {"uv": [10, 6, 5, 7], "texture": "#3"}
			}
		},
		{
			"from": [4, 7, 6.5],
			"to": [14, 8, 8.5],
			"faces": {
				"north": {"uv": [0, 9.5, 5, 10], "texture": "#3"},
				"east": {"uv": [11, 3, 12, 3.5], "texture": "#3"},
				"south": {"uv": [5, 9.5, 10, 10], "texture": "#3"},
				"west": {"uv": [11, 3.5, 12, 4], "texture": "#3"},
				"up": {"uv": [5, 8, 0, 7], "texture": "#3"},
				"down": {"uv": [10, 7, 5, 8], "texture": "#3"}
			}
		}
	],
	"gui_light": "front",
	"display": {
		"thirdperson_righthand": {
			"rotation": [75, 45, 0],
			"translation": [0, 2.5, 0],
			"scale": [0.375, 0.375, 0.375]
		},
		"thirdperson_lefthand": {
			"rotation": [75, 45, 0],
			"translation": [0, 2.5, 0],
			"scale": [0.375, 0.375, 0.375]
		},
		"firstperson_righthand": {
			"rotation": [0, 45, 0],
			"scale": [0.4, 0.4, 0.4]
		},
		"firstperson_lefthand": {
			"rotation": [0, 225, 0],
			"scale": [0.4, 0.4, 0.4]
		},
		"ground": {
			"translation": [0, -1, 0],
			"scale": [0.25, 0.25, 0.25]
		},
		"gui": {
			"rotation": [30, 225, 0],
			"scale": [0.625, 0.625, 0.625]
		},
		"head": {
			"rotation": [0, -90, 0],
			"translation": [-0.5, 2, -6.5]
		},
		"fixed": {
			"scale": [0.5, 0.5, 0.5]
		}
	},
	"groups": [
		{
			"name": "group",
			"origin": [8, 8, 8],
			"color": 0,
			"nbt": "{}",
			"children": [
				0,
				{
					"name": "group",
					"origin": [0, 0, 0],
					"color": 0,
					"nbt": "{}",
					"children": [
						1,
						{
							"name": "group",
							"origin": [0, 0, 0],
							"color": 0,
							"nbt": "{}",
							"children": [2, 3]
						},
						{
							"name": "group",
							"origin": [0, 0, 0],
							"color": 0,
							"nbt": "{}",
							"children": [4, 5]
						},
						6
					]
				},
				{
					"name": "group",
					"origin": [0, 0, 0],
					"color": 0,
					"nbt": "{}",
					"children": [7, 8, 9, 10]
				}
			]
		}
	]
}