{
	"credit": "Made with Blockbench",
	"texture_size": [64, 64],
	"textures": {
		"2": "item/shot_gun/shot_gun",
		"particle": "block/spruce_log"
	},
	"elements": [
		{
			"from": [7, 6, 6],
			"to": [11, 9, 9],
			"rotation": {"angle": 0, "axis": "y", "origin": [5, 1, 6]},
			"faces": {
				"north": {"uv": [7, 5, 8, 5.75], "texture": "#2"},
				"east": {"uv": [8.5, 7.5, 9.25, 8.25], "texture": "#2"},
				"south": {"uv": [5.5, 7, 6.5, 7.75], "texture": "#2"},
				"west": {"uv": [0, 8.75, 0.75, 9.5], "texture": "#2"},
				"up": {"uv": [7.5, 7.75, 6.5, 7], "texture": "#2"},
				"down": {"uv": [1, 7.25, 0, 8], "texture": "#2"}
			}
		},
		{
			"from": [7, 8, 7.5],
			"to": [11, 11, 10.5],
			"rotation": {"angle": 0, "axis": "y", "origin": [5, 1, 6]},
			"faces": {
				"north": {"uv": [1, 7.25, 2, 8], "texture": "#2"},
				"east": {"uv": [0.75, 8.75, 1.5, 9.5], "texture": "#2"},
				"south": {"uv": [2, 7.25, 3, 8], "texture": "#2"},
				"west": {"uv": [1.5, 8.75, 2.25, 9.5], "texture": "#2"},
				"up": {"uv": [4, 8, 3, 7.25], "texture": "#2"},
				"down": {"uv": [8.5, 7, 7.5, 7.75], "texture": "#2"}
			}
		},
		{
			"from": [7, 8, 4.5],
			"to": [11, 11, 7.5],
			"rotation": {"angle": 0, "axis": "y", "origin": [5, 1, 6]},
			"faces": {
				"north": {"uv": [5.5, 7.75, 6.5, 8.5], "texture": "#2"},
				"east": {"uv": [2.25, 8.75, 3, 9.5], "texture": "#2"},
				"south": {"uv": [6.5, 7.75, 7.5, 8.5], "texture": "#2"},
				"west": {"uv": [3.75, 8.75, 4.5, 9.5], "texture": "#2"},
				"up": {"uv": [8.5, 8.5, 7.5, 7.75], "texture": "#2"},
				"down": {"uv": [1, 8, 0, 8.75], "texture": "#2"}
			}
		},
		{
			"from": [3, 6, 6],
			"to": [7, 9, 9],
			"rotation": {"angle": 0, "axis": "y", "origin": [7, 9, 6]},
			"faces": {
				"north": {"uv": [8, 0, 9, 0.75], "texture": "#2"},
				"east": {"uv": [8.75, 5, 9.5, 5.75], "texture": "#2"},
				"south": {"uv": [8, 0.75, 9, 1.5], "texture": "#2"},
				"west": {"uv": [8.75, 8.25, 9.5, 9], "texture": "#2"},
				"up": {"uv": [2, 8.75, 1, 8], "texture": "#2"},
				"down": {"uv": [3, 8, 2, 8.75], "texture": "#2"}
			}
		},
		{
			"from": [-9, 10, 7.5],
			"to": [7, 11, 10.5],
			"rotation": {"angle": 0, "axis": "y", "origin": [7, 9, 6]},
			"faces": {
				"north": {"uv": [5.75, 1.5, 9.75, 1.75], "texture": "#2"},
				"east": {"uv": [1.5, 9.5, 2.25, 9.75], "texture": "#2"},
				"south": {"uv": [5.75, 1.75, 9.75, 2], "texture": "#2"},
				"west": {"uv": [2.25, 9.5, 3, 9.75], "texture": "#2"},
				"up": {"uv": [4, 0.75, 0, 0], "texture": "#2"},
				"down": {"uv": [4, 0.75, 0, 1.5], "texture": "#2"}
			}
		},
		{
			"from": [-9, 8, 7.5],
			"to": [7, 9, 10.5],
			"rotation": {"angle": 0, "axis": "y", "origin": [7, 9, 6]},
			"faces": {
				"north": {"uv": [5.75, 2, 9.75, 2.25], "texture": "#2"},
				"east": {"uv": [3.75, 9.5, 4.5, 9.75], "texture": "#2"},
				"south": {"uv": [5.75, 2.25, 9.75, 2.5], "texture": "#2"},
				"west": {"uv": [9.5, 5, 10.25, 5.25], "texture": "#2"},
				"up": {"uv": [4, 2.25, 0, 1.5], "texture": "#2"},
				"down": {"uv": [4, 2.25, 0, 3], "texture": "#2"}
			}
		},
		{
			"from": [-9, 9, 7.5],
			"to": [7, 10, 8.5],
			"rotation": {"angle": 0, "axis": "y", "origin": [7, 9, 6]},
			"faces": {
				"north": {"uv": [5.75, 2.5, 9.75, 2.75], "texture": "#2"},
				"east": {"uv": [3.75, 8, 4, 8.25], "texture": "#2"},
				"south": {"uv": [5.75, 2.75, 9.75, 3], "texture": "#2"},
				"west": {"uv": [8.5, 8.25, 8.75, 8.5], "texture": "#2"},
				"up": {"uv": [9.75, 3.25, 5.75, 3], "texture": "#2"},
				"down": {"uv": [9.75, 3.25, 5.75, 3.5], "texture": "#2"}
			}
		},
		{
			"from": [-9, 9, 9.5],
			"to": [7, 10, 10.5],
			"rotation": {"angle": 0, "axis": "y", "origin": [7, 9, 6]},
			"faces": {
				"north": {"uv": [3.5, 5.75, 7.5, 6], "texture": "#2"},
				"east": {"uv": [9.75, 0, 10, 0.25], "texture": "#2"},
				"south": {"uv": [5.75, 3.5, 9.75, 3.75], "texture": "#2"},
				"west": {"uv": [9.75, 0.25, 10, 0.5], "texture": "#2"},
				"up": {"uv": [9.75, 4, 5.75, 3.75], "texture": "#2"},
				"down": {"uv": [9.75, 4, 5.75, 4.25], "texture": "#2"}
			}
		},
		{
			"from": [-9, 10, 5.5],
			"to": [7, 11, 6.5],
			"rotation": {"angle": 0, "axis": "y", "origin": [7, 9, 6]},
			"faces": {
				"north": {"uv": [5.75, 4.25, 9.75, 4.5], "texture": "#2"},
				"east": {"uv": [9.75, 0.5, 10, 0.75], "texture": "#2"},
				"south": {"uv": [5.75, 4.5, 9.75, 4.75], "texture": "#2"},
				"west": {"uv": [9.75, 0.75, 10, 1], "texture": "#2"},
				"up": {"uv": [9.75, 5, 5.75, 4.75], "texture": "#2"},
				"down": {"uv": [4, 6, 0, 6.25], "texture": "#2"}
			}
		},
		{
			"from": [-9, 8, 5.5],
			"to": [7, 9, 6.5],
			"rotation": {"angle": 0, "axis": "y", "origin": [7, 9, 6]},
			"faces": {
				"north": {"uv": [4, 6, 8, 6.25], "texture": "#2"},
				"east": {"uv": [9.75, 1, 10, 1.25], "texture": "#2"},
				"south": {"uv": [0, 6.25, 4, 6.5], "texture": "#2"},
				"west": {"uv": [9.75, 1.25, 10, 1.5], "texture": "#2"},
				"up": {"uv": [8, 6.5, 4, 6.25], "texture": "#2"},
				"down": {"uv": [4, 6.5, 0, 6.75], "texture": "#2"}
			}
		},
		{
			"from": [-9, 8, 6.5],
			"to": [7, 11, 7.5],
			"rotation": {"angle": 0, "axis": "y", "origin": [7, 9, 6]},
			"faces": {
				"north": {"uv": [0, 3, 4, 3.75], "texture": "#2"},
				"east": {"uv": [7.25, 9.5, 7.5, 10.25], "texture": "#2"},
				"south": {"uv": [0, 3.75, 4, 4.5], "texture": "#2"},
				"west": {"uv": [7.5, 9.5, 7.75, 10.25], "texture": "#2"},
				"up": {"uv": [8, 6.75, 4, 6.5], "texture": "#2"},
				"down": {"uv": [4, 6.75, 0, 7], "texture": "#2"}
			}
		},
		{
			"from": [-9, 8, 4.5],
			"to": [7, 11, 5.5],
			"rotation": {"angle": 0, "axis": "y", "origin": [7, 9, 6]},
			"faces": {
				"north": {"uv": [4, 0, 8, 0.75], "texture": "#2"},
				"east": {"uv": [7.75, 9.5, 8, 10.25], "texture": "#2"},
				"south": {"uv": [4, 0.75, 8, 1.5], "texture": "#2"},
				"west": {"uv": [8, 9.5, 8.25, 10.25], "texture": "#2"},
				"up": {"uv": [8, 7, 4, 6.75], "texture": "#2"},
				"down": {"uv": [4, 7, 0, 7.25], "texture": "#2"}
			}
		},
		{
			"from": [21, 3, 6],
			"to": [28, 7, 9],
			"rotation": {"angle": 0, "axis": "y", "origin": [5, 1, 6]},
			"faces": {
				"north": {"uv": [4, 4, 5.75, 5], "texture": "#2"},
				"east": {"uv": [3, 8, 3.75, 9], "texture": "#2"},
				"south": {"uv": [0, 4.5, 1.75, 5.5], "texture": "#2"},
				"west": {"uv": [8, 5, 8.75, 6], "texture": "#2"},
				"up": {"uv": [3.5, 5.25, 1.75, 4.5], "texture": "#2"},
				"down": {"uv": [5.25, 5, 3.5, 5.75], "texture": "#2"}
			}
		},
		{
			"from": [11, 6, 6],
			"to": [18, 11, 9],
			"rotation": {"angle": 0, "axis": "y", "origin": [5, 1, 6]},
			"faces": {
				"north": {"uv": [4, 1.5, 5.75, 2.75], "texture": "#2"},
				"east": {"uv": [4, 7, 4.75, 8.25], "texture": "#2"},
				"south": {"uv": [4, 2.75, 5.75, 4], "texture": "#2"},
				"west": {"uv": [4.75, 7, 5.5, 8.25], "texture": "#2"},
				"up": {"uv": [3.5, 6, 1.75, 5.25], "texture": "#2"},
				"down": {"uv": [7, 5, 5.25, 5.75], "texture": "#2"}
			}
		},
		{
			"from": [11, 11, 7],
			"to": [13, 12, 8],
			"rotation": {"angle": 0, "axis": "y", "origin": [5, 1, 6]},
			"faces": {
				"north": {"uv": [7.5, 5.75, 8, 6], "texture": "#2"},
				"east": {"uv": [1.5, 9.75, 1.75, 10], "texture": "#2"},
				"south": {"uv": [5, 8.25, 5.5, 8.5], "texture": "#2"},
				"west": {"uv": [9.75, 1.5, 10, 1.75], "texture": "#2"},
				"up": {"uv": [5, 9, 4.5, 8.75], "texture": "#2"},
				"down": {"uv": [10, 5.25, 9.5, 5.5], "texture": "#2"}
			}
		},
		{
			"from": [-9, 11, 6.5],
			"to": [-7, 12, 8.5],
			"rotation": {"angle": 0, "axis": "y", "origin": [5, 1, 6]},
			"faces": {
				"north": {"uv": [9.5, 5.5, 10, 5.75], "texture": "#2"},
				"east": {"uv": [9.5, 6, 10, 6.25], "texture": "#2"},
				"south": {"uv": [9.5, 6.25, 10, 6.5], "texture": "#2"},
				"west": {"uv": [8.25, 9.5, 8.75, 9.75], "texture": "#2"},
				"up": {"uv": [4, 5, 3.5, 4.5], "texture": "#2"},
				"down": {"uv": [0.5, 9.5, 0, 10], "texture": "#2"}
			}
		},
		{
			"from": [18, 6, 6],
			"to": [20, 9, 9],
			"rotation": {"angle": 0, "axis": "y", "origin": [5, 1, 6]},
			"faces": {
				"north": {"uv": [5.25, 9, 5.75, 9.75], "texture": "#2"},
				"east": {"uv": [9, 0, 9.75, 0.75], "texture": "#2"},
				"south": {"uv": [5.75, 9, 6.25, 9.75], "texture": "#2"},
				"west": {"uv": [9, 0.75, 9.75, 1.5], "texture": "#2"},
				"up": {"uv": [6.75, 9.75, 6.25, 9], "texture": "#2"},
				"down": {"uv": [7.25, 9, 6.75, 9.75], "texture": "#2"}
			}
		},
		{
			"from": [13.1836, 13.21368, 6],
			"to": [16.1836, 15.21368, 9],
			"rotation": {"angle": -22.5, "axis": "z", "origin": [5, 1, 6]},
			"faces": {
				"north": {"uv": [7.25, 9, 8, 9.5], "texture": "#2"},
				"east": {"uv": [8, 9, 8.75, 9.5], "texture": "#2"},
				"south": {"uv": [8.75, 9, 9.5, 9.5], "texture": "#2"},
				"west": {"uv": [9.25, 6.5, 10, 7], "texture": "#2"},
				"up": {"uv": [3.75, 9.75, 3, 9], "texture": "#2"},
				"down": {"uv": [5.25, 9, 4.5, 9.75], "texture": "#2"}
			}
		},
		{
			"from": [9, 15.58579, 6.5],
			"to": [14, 17.58579, 8.5],
			"rotation": {"angle": -45, "axis": "z", "origin": [5, 1, 6]},
			"faces": {
				"north": {"uv": [8, 6.5, 9.25, 7], "texture": "#2"},
				"east": {"uv": [0.5, 9.5, 1, 10], "texture": "#2"},
				"south": {"uv": [3.75, 8.25, 5, 8.75], "texture": "#2"},
				"west": {"uv": [1, 9.5, 1.5, 10], "texture": "#2"},
				"up": {"uv": [6.25, 9, 5, 8.5], "texture": "#2"},
				"down": {"uv": [7.5, 8.5, 6.25, 9], "texture": "#2"}
			}
		},
		{
			"from": [16, 3, 6.5],
			"to": [22, 4, 8.5],
			"rotation": {"angle": 0, "axis": "y", "origin": [5, 1, 6]},
			"faces": {
				"north": {"uv": [8.75, 5.75, 10.25, 6], "texture": "#2"},
				"east": {"uv": [9.5, 8.25, 10, 8.5], "texture": "#2"},
				"south": {"uv": [9.25, 7.5, 10.75, 7.75], "texture": "#2"},
				"west": {"uv": [9.5, 8.5, 10, 8.75], "texture": "#2"},
				"up": {"uv": [1.5, 6, 0, 5.5], "texture": "#2"},
				"down": {"uv": [9.5, 6, 8, 6.5], "texture": "#2"}
			}
		},
		{
			"from": [17, 4, 7],
			"to": [18, 6, 8],
			"rotation": {"angle": 0, "axis": "y", "origin": [5, 1, 6]},
			"faces": {
				"north": {"uv": [1.5, 5.5, 1.75, 6], "texture": "#2"},
				"east": {"uv": [8.75, 9.5, 9, 10], "texture": "#2"},
				"south": {"uv": [9.5, 8.75, 9.75, 9.25], "texture": "#2"},
				"west": {"uv": [9, 9.5, 9.25, 10], "texture": "#2"},
				"up": {"uv": [2, 10, 1.75, 9.75], "texture": "#2"},
				"down": {"uv": [10, 1.75, 9.75, 2], "texture": "#2"}
			}
		},
		{
			"from": [6.36396, 10.19239, 6.5],
			"to": [11.36396, 11.19239, 8.5],
			"rotation": {"angle": -45, "axis": "z", "origin": [5, 1, 6]},
			"faces": {
				"north": {"uv": [9.25, 7.75, 10.5, 8], "texture": "#2"},
				"east": {"uv": [9.25, 9.5, 9.75, 9.75], "texture": "#2"},
				"south": {"uv": [9.25, 8, 10.5, 8.25], "texture": "#2"},
				"west": {"uv": [9.5, 9.25, 10, 9.5], "texture": "#2"},
				"up": {"uv": [9.75, 7.5, 8.5, 7], "texture": "#2"},
				"down": {"uv": [8.75, 8.5, 7.5, 9], "texture": "#2"}
			}
		}
	],
	"gui_light": "front",
	"display": {
		"thirdperson_righthand": {
			"rotation": [0, -90, 0],
			"translation": [-1, 1, -7],
			"scale": [0.7, 0.7, 0.7]
		},
		"thirdperson_lefthand": {
			"rotation": [0, 90, 0],
			"translation": [-0.25, 1, -7],
			"scale": [0.7, 0.7, 0.7]
		},
		"firstperson_righthand": {
			"rotation": [0, -100, 0],
			"translation": [12.25, 2.75, -5.25],
			"scale": [0.8, 0.8, 0.8]
		},
		"firstperson_lefthand": {
			"rotation": [0, 80, 0],
			"translation": [12.75, 2.75, -5.25],
			"scale": [0.8, 0.8, 0.8]
		},
		"ground": {
			"translation": [-0.5, 0, 0],
			"scale": [0.2, 0.2, 0.2]
		},
		"gui": {
			"rotation": [24, 161, -40],
			"translation": [0.25, 0.5, 0],
			"scale": [0.5, 0.5, 0.5]
		},
		"head": {
			"rotation": [0, -90, 0],
			"translation": [-0.5, 2, -6.5]
		},
		"fixed": {
			"rotation": [0, 0, -32],
			"translation": [-0.5, 1, 0],
			"scale": [0.6, 0.6, 0.6]
		}
	},
	"groups": [
		{
			"name": "group",
			"origin": [8, 8, 8],
			"color": 0,
			"nbt": "{}",
			"children": [
				{
					"name": "group",
					"origin": [0, 0, 0],
					"color": 0,
					"nbt": "{}",
					"children": [
						{
							"name": "group",
							"origin": [6, 9.5, 0],
							"color": 0,
							"nbt": "{}",
							"children": [0, 1, 2]
						},
						{
							"name": "group",
							"origin": [6, 9.5, 0],
							"color": 0,
							"nbt": "{}",
							"children": [
								3,
								{
									"name": "group",
									"origin": [5, 1, 6],
									"color": 0,
									"nbt": "{}",
									"children": [4, 5, 6, 7]
								},
								{
									"name": "group",
									"origin": [5, 1, 6],
									"color": 0,
									"nbt": "{}",
									"children": [8, 9, 10, 11]
								}
							]
						}
					]
				},
				{
					"name": "group",
					"origin": [-2.14214, 0.17157, 0],
					"color": 0,
					"nbt": "{}",
					"children": [12, 13, 14, 15, 16, 17, 18, 19, 20, 21]
				}
			]
		}
	]
}