{
	"credit": "Made with Blockbench",
	"texture_size": [64, 64],
	"textures": {
		"4": "item/assault_rifle/assault_rifle"
	},
	"elements": [
		{
			"from": [-9, 10, 7],
			"to": [-5, 12, 9],
			"rotation": {"angle": 0, "axis": "y", "origin": [-2, 0, 0]},
			"faces": {
				"north": {"uv": [11.25, 6.25, 12.25, 6.75], "texture": "#4"},
				"east": {"uv": [8.25, 9.75, 8.75, 10.25], "texture": "#4"},
				"south": {"uv": [6.75, 11.25, 7.75, 11.75], "texture": "#4"},
				"west": {"uv": [3, 11.75, 3.5, 12.25], "texture": "#4"},
				"up": {"uv": [12.25, 7.25, 11.25, 6.75], "texture": "#4"},
				"down": {"uv": [12.25, 7.25, 11.25, 7.75], "texture": "#4"}
			}
		},
		{
			"from": [-16, 9.5, 6.5],
			"to": [-9, 12.5, 9.5],
			"rotation": {"angle": 0, "axis": "y", "origin": [-2, 0, 0]},
			"faces": {
				"north": {"uv": [9.5, 5.5, 11.25, 6.25], "texture": "#4"},
				"east": {"uv": [11, 2.75, 11.75, 3.5], "texture": "#4"},
				"south": {"uv": [8.75, 9.5, 10.5, 10.25], "texture": "#4"},
				"west": {"uv": [4.5, 11, 5.25, 11.75], "texture": "#4"},
				"up": {"uv": [1.75, 10.5, 0, 9.75], "texture": "#4"},
				"down": {"uv": [3.5, 9.75, 1.75, 10.5], "texture": "#4"}
			}
		},
		{
			"from": [9, 8, 6],
			"to": [25, 14, 10],
			"rotation": {"angle": 0, "axis": "y", "origin": [-2, 0, 0]},
			"faces": {
				"north": {"uv": [0, 0, 4, 1.5], "texture": "#4"},
				"east": {"uv": [6.75, 8.25, 7.75, 9.75], "texture": "#4"},
				"south": {"uv": [0, 1.5, 4, 3], "texture": "#4"},
				"west": {"uv": [7.75, 8.25, 8.75, 9.75], "texture": "#4"},
				"up": {"uv": [8, 1, 4, 0], "texture": "#4"},
				"down": {"uv": [8, 1, 4, 2], "texture": "#4"}
			}
		},
		{
			"from": [-5, 8, 6],
			"to": [9, 14, 10],
			"rotation": {"angle": 0, "axis": "y", "origin": [-2, 0, 0]},
			"faces": {
				"north": {"uv": [0, 3, 3.5, 4.5], "texture": "#4"},
				"east": {"uv": [8.75, 6.5, 9.75, 8], "texture": "#4"},
				"south": {"uv": [3.5, 3, 7, 4.5], "texture": "#4"},
				"west": {"uv": [8.75, 8, 9.75, 9.5], "texture": "#4"},
				"up": {"uv": [7.5, 3, 4, 2], "texture": "#4"},
				"down": {"uv": [3.5, 4.5, 0, 5.5], "texture": "#4"}
			}
		},
		{
			"from": [-3, 7.5, 5.5],
			"to": [8, 11.5, 10.5],
			"rotation": {"angle": 0, "axis": "y", "origin": [-2, 0, 0]},
			"faces": {
				"north": {"uv": [2.75, 5.75, 5.5, 6.75], "texture": "#4"},
				"east": {"uv": [5.5, 9.5, 6.75, 10.5], "texture": "#4"},
				"south": {"uv": [5.5, 5.75, 8.25, 6.75], "texture": "#4"},
				"west": {"uv": [9.75, 2.75, 11, 3.75], "texture": "#4"},
				"up": {"uv": [6.25, 5.75, 3.5, 4.5], "texture": "#4"},
				"down": {"uv": [2.75, 5.5, 0, 6.75], "texture": "#4"}
			}
		},
		{
			"from": [29, 8.5, 6.5],
			"to": [32, 13.5, 9.5],
			"rotation": {"angle": 0, "axis": "y", "origin": [-2, 0, 0]},
			"faces": {
				"north": {"uv": [4.5, 9.75, 5.25, 11], "texture": "#4"},
				"east": {"uv": [9.75, 7.75, 10.5, 9], "texture": "#4"},
				"south": {"uv": [8.25, 10.25, 9, 11.5], "texture": "#4"},
				"west": {"uv": [9, 10.25, 9.75, 11.5], "texture": "#4"},
				"up": {"uv": [12, 4.25, 11.25, 3.5], "texture": "#4"},
				"down": {"uv": [6, 11.25, 5.25, 12], "texture": "#4"}
			}
		},
		{
			"from": [25, 11, 7],
			"to": [29, 13, 9],
			"rotation": {"angle": 0, "axis": "y", "origin": [-2, 0, 0]},
			"faces": {
				"north": {"uv": [10.75, 11.25, 11.75, 11.75], "texture": "#4"},
				"east": {"uv": [4.5, 11.75, 5, 12.25], "texture": "#4"},
				"south": {"uv": [0, 11.5, 1, 12], "texture": "#4"},
				"west": {"uv": [11.75, 11.25, 12.25, 11.75], "texture": "#4"},
				"up": {"uv": [2, 12, 1, 11.5], "texture": "#4"},
				"down": {"uv": [9.25, 11.5, 8.25, 12], "texture": "#4"}
			}
		},
		{
			"from": [16, 5, 7],
			"to": [20, 7, 9],
			"rotation": {"angle": 0, "axis": "y", "origin": [-2, 2, 0]},
			"faces": {
				"north": {"uv": [11.5, 9, 12.5, 9.5], "texture": "#4"},
				"east": {"uv": [0, 12, 0.5, 12.5], "texture": "#4"},
				"south": {"uv": [2, 11.75, 3, 12.25], "texture": "#4"},
				"west": {"uv": [12, 0, 12.5, 0.5], "texture": "#4"},
				"up": {"uv": [12.75, 3.25, 11.75, 2.75], "texture": "#4"},
				"down": {"uv": [12.75, 4.25, 11.75, 4.75], "texture": "#4"}
			}
		},
		{
			"from": [19, -9, 7],
			"to": [23, 0, 9],
			"rotation": {"angle": 22.5, "axis": "z", "origin": [-2, 2, 0]},
			"faces": {
				"north": {"uv": [0, 6.75, 1, 9], "texture": "#4"},
				"east": {"uv": [3.5, 9.75, 4, 12], "texture": "#4"},
				"south": {"uv": [1, 6.75, 2, 9], "texture": "#4"},
				"west": {"uv": [4, 9.75, 4.5, 12], "texture": "#4"},
				"up": {"uv": [7.75, 12.25, 6.75, 11.75], "texture": "#4"},
				"down": {"uv": [10.25, 11.75, 9.25, 12.25], "texture": "#4"}
			}
		},
		{
			"from": [18, -9, 7],
			"to": [19, -7, 9],
			"rotation": {"angle": 22.5, "axis": "z", "origin": [-2, 2, 0]},
			"faces": {
				"north": {"uv": [8, 5.25, 8.25, 5.75], "texture": "#4"},
				"east": {"uv": [0.5, 12, 1, 12.5], "texture": "#4"},
				"south": {"uv": [2.5, 11, 2.75, 11.5], "texture": "#4"},
				"west": {"uv": [12, 0.5, 12.5, 1], "texture": "#4"},
				"up": {"uv": [3.5, 11.75, 3.25, 11.25], "texture": "#4"},
				"down": {"uv": [12.25, 1, 12, 1.5], "texture": "#4"}
			}
		},
		{
			"from": [14, 14, 7],
			"to": [19, 15, 9],
			"rotation": {"angle": 0, "axis": "y", "origin": [2, 2, 0]},
			"faces": {
				"north": {"uv": [7.5, 2.75, 8.75, 3], "texture": "#4"},
				"east": {"uv": [8.25, 6.5, 8.75, 6.75], "texture": "#4"},
				"south": {"uv": [0, 9, 1.25, 9.25], "texture": "#4"},
				"west": {"uv": [9, 5, 9.5, 5.25], "texture": "#4"},
				"up": {"uv": [6.5, 11.25, 5.25, 10.75], "texture": "#4"},
				"down": {"uv": [7.75, 10.75, 6.5, 11.25], "texture": "#4"}
			}
		},
		{
			"from": [10, 15, 6.5],
			"to": [21, 16, 9.5],
			"rotation": {"angle": 0, "axis": "y", "origin": [2, 2, 0]},
			"faces": {
				"north": {"uv": [10.25, 2, 13, 2.25], "texture": "#4"},
				"east": {"uv": [2.75, 5.5, 3.5, 5.75], "texture": "#4"},
				"south": {"uv": [10.25, 2.25, 13, 2.5], "texture": "#4"},
				"west": {"uv": [8.75, 2.75, 9.5, 3], "texture": "#4"},
				"up": {"uv": [9, 5.25, 6.25, 4.5], "texture": "#4"},
				"down": {"uv": [4.75, 6.75, 2, 7.5], "texture": "#4"}
			}
		},
		{
			"from": [10, 3.91852, 15.74695],
			"to": [21, 4.91852, 17.74695],
			"rotation": {"angle": -45, "axis": "x", "origin": [2, 1.91852, -0.75305]},
			"faces": {
				"north": {"uv": [10.25, 2.5, 13, 2.75], "texture": "#4"},
				"east": {"uv": [11.25, 4.25, 11.75, 4.5], "texture": "#4"},
				"south": {"uv": [0, 10.5, 2.75, 10.75], "texture": "#4"},
				"west": {"uv": [9.25, 11.5, 9.75, 11.75], "texture": "#4"},
				"up": {"uv": [10.75, 2, 8, 1.5], "texture": "#4"},
				"down": {"uv": [11.75, 4.5, 9, 5], "texture": "#4"}
			}
		},
		{
			"from": [10, 7.62563, 12.03984],
			"to": [21, 8.62563, 14.03984],
			"rotation": {"angle": -45, "axis": "x", "origin": [2, 5.62563, -4.46016]},
			"faces": {
				"north": {"uv": [5.25, 10.5, 8, 10.75], "texture": "#4"},
				"east": {"uv": [11.75, 3.25, 12.25, 3.5], "texture": "#4"},
				"south": {"uv": [10.5, 7.75, 13.25, 8], "texture": "#4"},
				"west": {"uv": [11.75, 4.75, 12.25, 5], "texture": "#4"},
				"up": {"uv": [2.75, 9.75, 0, 9.25], "texture": "#4"},
				"down": {"uv": [12, 0, 9.25, 0.5], "texture": "#4"}
			}
		},
		{
			"from": [10, 19.22614, 10.18808],
			"to": [21, 21.22614, 11.18808],
			"rotation": {"angle": -45, "axis": "x", "origin": [2, 18.98959, 10.82412]},
			"faces": {
				"north": {"uv": [9.25, 0.5, 12, 1], "texture": "#4"},
				"east": {"uv": [1.25, 12, 1.5, 12.5], "texture": "#4"},
				"south": {"uv": [9.25, 1, 12, 1.5], "texture": "#4"},
				"west": {"uv": [1.5, 12, 1.75, 12.5], "texture": "#4"},
				"up": {"uv": [13.25, 8.25, 10.5, 8], "texture": "#4"},
				"down": {"uv": [13.25, 8.25, 10.5, 8.5], "texture": "#4"}
			}
		},
		{
			"from": [10, 15.51903, 6.48097],
			"to": [21, 17.51903, 7.48097],
			"rotation": {"angle": -45, "axis": "x", "origin": [2, 15.28249, 7.11701]},
			"faces": {
				"north": {"uv": [2.75, 9.25, 5.5, 9.75], "texture": "#4"},
				"east": {"uv": [1.75, 12, 2, 12.5], "texture": "#4"},
				"south": {"uv": [9.5, 5, 12.25, 5.5], "texture": "#4"},
				"west": {"uv": [3.5, 12, 3.75, 12.5], "texture": "#4"},
				"up": {"uv": [13.25, 8.75, 10.5, 8.5], "texture": "#4"},
				"down": {"uv": [13.25, 8.75, 10.5, 9], "texture": "#4"}
			}
		},
		{
			"from": [10, 19.82843, 6.5],
			"to": [21, 20.82843, 9.5],
			"rotation": {"angle": 0, "axis": "y", "origin": [2, 2.82843, 0]},
			"faces": {
				"north": {"uv": [10.5, 9.5, 13.25, 9.75], "texture": "#4"},
				"east": {"uv": [1.25, 9, 2, 9.25], "texture": "#4"},
				"south": {"uv": [10.5, 9.75, 13.25, 10], "texture": "#4"},
				"west": {"uv": [2, 11.5, 2.75, 11.75], "texture": "#4"},
				"up": {"uv": [7.5, 7.5, 4.75, 6.75], "texture": "#4"},
				"down": {"uv": [9.75, 3, 7, 3.75], "texture": "#4"}
			}
		},
		{
			"from": [10, 16.41421, 9.91421],
			"to": [21, 19.41421, 10.91421],
			"rotation": {"angle": 0, "axis": "y", "origin": [2, 2.41421, 0.41421]},
			"faces": {
				"north": {"uv": [7, 3.75, 9.75, 4.5], "texture": "#4"},
				"east": {"uv": [5.25, 9.75, 5.5, 10.5], "texture": "#4"},
				"south": {"uv": [2, 7.5, 4.75, 8.25], "texture": "#4"},
				"west": {"uv": [3.25, 10.5, 3.5, 11.25], "texture": "#4"},
				"up": {"uv": [13.25, 10.25, 10.5, 10], "texture": "#4"},
				"down": {"uv": [2.75, 10.75, 0, 11], "texture": "#4"}
			}
		},
		{
			"from": [10, 16.41421, 5.08579],
			"to": [21, 19.41421, 6.08579],
			"rotation": {"angle": 0, "axis": "y", "origin": [2, 2.41421, -0.41421]},
			"faces": {
				"north": {"uv": [7.5, 2, 10.25, 2.75], "texture": "#4"},
				"east": {"uv": [5, 11.75, 5.25, 12.5], "texture": "#4"},
				"south": {"uv": [4.75, 7.5, 7.5, 8.25], "texture": "#4"},
				"west": {"uv": [1, 12, 1.25, 12.75], "texture": "#4"},
				"up": {"uv": [13.5, 1.75, 10.75, 1.5], "texture": "#4"},
				"down": {"uv": [13.5, 1.75, 10.75, 2], "texture": "#4"}
			}
		},
		{
			"from": [10, 4, 6],
			"to": [17, 6, 10],
			"rotation": {"angle": 0, "axis": "y", "origin": [-2, 0, 0]},
			"faces": {
				"north": {"uv": [6.25, 5.25, 8, 5.75], "texture": "#4"},
				"east": {"uv": [10.25, 11.75, 11.25, 12.25], "texture": "#4"},
				"south": {"uv": [9.75, 9, 11.5, 9.5], "texture": "#4"},
				"west": {"uv": [11.25, 11.75, 12.25, 12.25], "texture": "#4"},
				"up": {"uv": [3.75, 9.25, 2, 8.25], "texture": "#4"},
				"down": {"uv": [5.5, 8.25, 3.75, 9.25], "texture": "#4"}
			}
		},
		{
			"from": [12.37017, 0.8883, 7],
			"to": [17.37017, 5.8883, 9],
			"rotation": {"angle": -22.5, "axis": "z", "origin": [-0.62983, 5.8883, 0]},
			"faces": {
				"north": {"uv": [8.25, 5.25, 9.5, 6.5], "texture": "#4"},
				"east": {"uv": [2.75, 10.5, 3.25, 11.75], "texture": "#4"},
				"south": {"uv": [5.5, 8.25, 6.75, 9.5], "texture": "#4"},
				"west": {"uv": [7.75, 10.75, 8.25, 12], "texture": "#4"},
				"up": {"uv": [12, 10.75, 10.75, 10.25], "texture": "#4"},
				"down": {"uv": [12, 10.75, 10.75, 11.25], "texture": "#4"}
			}
		},
		{
			"from": [11, -1, 7],
			"to": [16, 5, 9],
			"rotation": {"angle": 0, "axis": "y", "origin": [-2, 0, 0]},
			"faces": {
				"north": {"uv": [7.5, 6.75, 8.75, 8.25], "texture": "#4"},
				"east": {"uv": [9.75, 10.25, 10.25, 11.75], "texture": "#4"},
				"south": {"uv": [8, 0, 9.25, 1.5], "texture": "#4"},
				"west": {"uv": [10.25, 10.25, 10.75, 11.75], "texture": "#4"},
				"up": {"uv": [1.25, 11.5, 0, 11], "texture": "#4"},
				"down": {"uv": [2.5, 11, 1.25, 11.5], "texture": "#4"}
			}
		},
		{
			"from": [10.5, 6, 6.5],
			"to": [16.5, 9, 9.5],
			"rotation": {"angle": 0, "axis": "y", "origin": [-2, 0, 0]},
			"faces": {
				"north": {"uv": [9.75, 3.75, 11.25, 4.5], "texture": "#4"},
				"east": {"uv": [11.25, 5.5, 12, 6.25], "texture": "#4"},
				"south": {"uv": [9.75, 6.25, 11.25, 7], "texture": "#4"},
				"west": {"uv": [6, 11.25, 6.75, 12], "texture": "#4"},
				"up": {"uv": [8.25, 10.5, 6.75, 9.75], "texture": "#4"},
				"down": {"uv": [11.25, 7, 9.75, 7.75], "texture": "#4"}
			}
		}
	],
	"display": {
		"thirdperson_righthand": {
			"rotation": [0, -90, 0],
			"translation": [0, 0, -5],
			"scale": [0.5, 0.5, 0.5]
		},
		"thirdperson_lefthand": {
			"rotation": [0, 90, 0],
			"translation": [0, 0, -5],
			"scale": [0.5, 0.5, 0.5]
		},
		"firstperson_righthand": {
			"rotation": [0, -100, 0],
			"translation": [0.6, 3.45, 4],
			"scale": [0.2, 0.5, 0.5]
		},
		"firstperson_lefthand": {
			"rotation": [0, 90, 0],
			"translation": [-8.92, 3.45, 4],
			"scale": [0.2, 0.5, 0.5]
		},
		"ground": {
			"rotation": [0, -90, 0],
			"scale": [0.1, 0.1, 0.1]
		},
		"gui": {
			"rotation": [24, 161, -40],
			"translation": [1, 0, 0],
			"scale": [0.4, 0.4, 0.4]
		},
		"head": {
			"rotation": [0, -90, 0],
			"translation": [0, 0, -8]
		},
		"fixed": {
			"rotation": [0, 0, -32],
			"translation": [-1, 0, 0],
			"scale": [0.45, 0.45, 0.45]
		}
	},
	"groups": [
		{
			"name": "group",
			"origin": [8, 8, 8],
			"color": 0,
			"nbt": "{}",
			"children": [
				{
					"name": "group",
					"origin": [0, 0, 0],
					"color": 0,
					"nbt": "{}",
					"children": [
						{
							"name": "group",
							"origin": [0, 0, 0],
							"color": 0,
							"nbt": "{}",
							"children": [0, 1]
						},
						2,
						3,
						4,
						5,
						6,
						{
							"name": "group",
							"origin": [0, 0, 0],
							"color": 0,
							"nbt": "{}",
							"children": [7, 8, 9]
						},
						{
							"name": "group",
							"origin": [0, 0, 0],
							"color": 0,
							"nbt": "{}",
							"children": [10, 11, 12, 13, 14, 15, 16, 17, 18]
						}
					]
				},
				{
					"name": "group",
					"origin": [0, 0, 0],
					"color": 0,
					"nbt": "{}",
					"children": [
						19,
						{
							"name": "group",
							"origin": [-2, 0, 0],
							"color": 0,
							"nbt": "{}",
							"children": [20, 21]
						},
						22
					]
				}
			]
		}
	]
}