{
	"credit": "Made with Blockbench",
	"texture_size": [32, 32],
	"textures": {
		"11": "item/assault_rifle/bullet"
	},
	"elements": [
		{
			"from": [6, 0, 6],
			"to": [10, 1, 10],
			"faces": {
				"north": {"uv": [2, 9, 4, 9.5], "texture": "#11"},
				"east": {"uv": [9, 5, 11, 5.5], "texture": "#11"},
				"south": {"uv": [9, 5.5, 11, 6], "texture": "#11"},
				"west": {"uv": [9, 6, 11, 6.5], "texture": "#11"},
				"up": {"uv": [8, 2, 6, 0], "texture": "#11"},
				"down": {"uv": [4, 6, 2, 8], "texture": "#11"}
			}
		},
		{
			"from": [6, 2, 6],
			"to": [10, 14, 10],
			"faces": {
				"north": {"uv": [0, 0, 2, 6], "texture": "#11"},
				"east": {"uv": [2, 0, 4, 6], "texture": "#11"},
				"south": {"uv": [4, 0, 6, 6], "texture": "#11"},
				"west": {"uv": [0, 6, 2, 12], "texture": "#11"},
				"up": {"uv": [8, 4, 6, 2], "texture": "#11"},
				"down": {"uv": [6, 6, 4, 8], "texture": "#11"}
			}
		},
		{
			"from": [6.5, 13, 6.5],
			"to": [9.5, 15, 9.5],
			"faces": {
				"north": {"uv": [2, 8, 3.5, 9], "texture": "#11"},
				"east": {"uv": [8, 3, 9.5, 4], "texture": "#11"},
				"south": {"uv": [3.5, 8, 5, 9], "texture": "#11"},
				"west": {"uv": [8, 4, 9.5, 5], "texture": "#11"},
				"up": {"uv": [9.5, 1.5, 8, 0], "texture": "#11"},
				"down": {"uv": [9.5, 1.5, 8, 3], "texture": "#11"}
			}
		},
		{
			"from": [7, 11, 7],
			"to": [9, 17, 9],
			"faces": {
				"north": {"uv": [6, 4, 7, 7], "texture": "#11"},
				"east": {"uv": [7, 4, 8, 7], "texture": "#11"},
				"south": {"uv": [6, 7, 7, 10], "texture": "#11"},
				"west": {"uv": [7, 7, 8, 10], "texture": "#11"},
				"up": {"uv": [5, 10, 4, 9], "texture": "#11"},
				"down": {"uv": [10, 6.5, 9, 7.5], "texture": "#11"}
			}
		},
		{
			"from": [7, 17, 7],
			"to": [9, 20, 9],
			"faces": {
				"north": {"uv": [5, 8, 6, 9.5], "texture": "#11"},
				"east": {"uv": [8, 5, 9, 6.5], "texture": "#11"},
				"south": {"uv": [8, 6.5, 9, 8], "texture": "#11"},
				"west": {"uv": [8, 8, 9, 9.5], "texture": "#11"},
				"up": {"uv": [10, 8.5, 9, 7.5], "texture": "#11"},
				"down": {"uv": [10, 8.5, 9, 9.5], "texture": "#11"}
			}
		},
		{
			"from": [7, 1, 7],
			"to": [9, 2, 9],
			"faces": {
				"north": {"uv": [2, 9.5, 3, 10], "texture": "#11"},
				"east": {"uv": [9.5, 2, 10.5, 2.5], "texture": "#11"},
				"south": {"uv": [9.5, 2.5, 10.5, 3], "texture": "#11"},
				"west": {"uv": [3, 9.5, 4, 10], "texture": "#11"},
				"up": {"uv": [10.5, 1, 9.5, 0], "texture": "#11"},
				"down": {"uv": [10.5, 1, 9.5, 2], "texture": "#11"}
			}
		}
	],
	"gui_light": "front",
	"display": {
		"thirdperson_righthand": {
			"rotation": [75, 45, 0],
			"translation": [0, 2.5, 0],
			"scale": [0.375, 0.375, 0.375]
		},
		"thirdperson_lefthand": {
			"rotation": [75, 45, 0],
			"translation": [0, 2.5, 0],
			"scale": [0.375, 0.375, 0.375]
		},
		"firstperson_righthand": {
			"rotation": [0, 45, 0],
			"scale": [0.4, 0.4, 0.4]
		},
		"firstperson_lefthand": {
			"rotation": [0, 225, 0],
			"scale": [0.4, 0.4, 0.4]
		},
		"ground": {
			"translation": [0, 1, 0],
			"scale": [0.25, 0.25, 0.25]
		},
		"gui": {
			"rotation": [30, 225, 0],
			"scale": [0.625, 0.625, 0.625]
		},
		"fixed": {
			"scale": [0.5, 0.5, 0.5]
		}
	},
	"groups": [
		{
			"name": "group",
			"origin": [8, 8, 8],
			"color": 0,
			"nbt": "{}",
			"children": [0, 1, 2, 3, 4, 5]
		}
	]
}