{
    "type": "minecraft:crafting_shapeless",
    "ingredients": [
        {
            "item": "minecraft:chest"
        },
        {
            "item": "minecraft:spyglass"
        },
        {
            "item": "minecraft:hopper"
        },
        {
            "item": "minecraft:iron_ingot"
        },
        {
            "item": "minecraft:dispenser"
        },
        {
            "item": "minecraft:lever"
        }
    ],
    "result": {
        "item": "minecraft:knowledge_book",
        "count": 1
    }
}